Time, Long, Lat, Ar, Ai, Ac, AMAG
,,,,,,
0,47.73429,0.1293,4.94436E-09,-2.97677E-10,3.3215E-11,4.95342E-09
60,46.84419,3.52187,5.07142E-09,-3.3697E-10,5.9859E-11,5.08295E-09
120,45.94942,6.91389,5.20432E-09,-3.27536E-10,8.2739E-11,5.21527E-09
180,45.04536,10.30484,5.31202E-09,-2.54082E-10,9.1011E-11,5.31887E-09
240,44.1271,13.69416,5.37107E-09,-1.26935E-10,8.0629E-11,5.37318E-09
300,43.18936,17.08125,5.37513E-09,3.7295E-11,6.0484E-11,5.3756E-09
360,42.22624,20.46546,5.32403E-09,2.15967E-10,2.9393E-11,5.32849E-09
420,41.23107,23.84606,5.21729E-09,3.95621E-10,-3.525E-12,5.23227E-09
480,40.19612,27.22224,5.04996E-09,5.53729E-10,-3.6929E-11,5.08036E-09
540,39.11226,30.59303,4.82363E-09,6.63142E-10,-6.5617E-11,4.86944E-09
600,37.96849,33.95731,4.55339E-09,7.01995E-10,-9.021E-11,4.60806E-09
660,36.75138,37.31371,4.26447E-09,6.57869E-10,-1.08025E-10,4.31626E-09
720,35.4442,40.66055,4.00982E-09,5.29637E-10,-1.13156E-10,4.04623E-09
780,34.02576,43.99571,3.83679E-09,3.65672E-10,-1.06394E-10,3.85565E-09
840,32.46873,47.31646,3.73901E-09,2.37898E-10,-9.8531E-11,3.74786E-09
900,30.73722,50.61922,3.67014E-09,1.63802E-10,-9.2403E-11,3.67496E-09
960,28.78311,53.89919,3.61006E-09,1.20249E-10,-8.7832E-11,3.61313E-09
1020,26.54051,57.14972,3.5623E-09,9.6644E-11,-8.5097E-11,3.56462E-09
1080,23.91711,60.36137,3.52132E-09,9.3225E-11,-8.2555E-11,3.52352E-09
1140,20.78042,63.52033,3.4786E-09,1.0578E-10,-7.8525E-11,3.48109E-09
1200,16.93569,66.60565,3.43451E-09,1.28905E-10,-7.5744E-11,3.43777E-09
1260,12.09075,69.58448,3.38528E-09,1.49994E-10,-7.7037E-11,3.38947E-09
1320,5.8036,72.40331,3.32631E-09,1.61884E-10,-8.046E-11,3.33122E-09
1380,-2.57743,74.9727,3.25998E-09,1.6531E-10,-8.5511E-11,3.26528E-09
1440,-13.90162,77.14326,3.19474E-09,1.55131E-10,-9.2693E-11,3.19985E-09
1500,-28.8487,78.68436,3.13808E-09,1.23128E-10,-9.6598E-11,3.14198E-09
1560,-46.82851,79.32129,3.09931E-09,7.8779E-11,-1.02156E-10,3.102E-09
1620,-65.14973,78.89866,3.08146E-09,3.1215E-11,-1.05864E-10,3.08344E-09
1680,-80.82493,77.52487,3.08095E-09,-1.5343E-11,-1.08383E-10,3.0829E-09
1740,-92.847,75.46826,3.09332E-09,-5.5823E-11,-1.01766E-10,3.0955E-09
1800,-101.75078,72.97538,3.12039E-09,-9.315E-11,-9.5923E-11,3.12325E-09
1860,-108.40079,70.2112,3.16095E-09,-1.21119E-10,-8.9254E-11,3.16453E-09
1920,-113.49513,67.27516,3.21191E-09,-1.36917E-10,-8.0823E-11,3.21584E-09
1980,-117.51379,64.22651,3.26972E-09,-1.45327E-10,-7.2495E-11,3.27375E-09
2040,-120.77442,61.10138,3.33179E-09,-1.51496E-10,-6.6322E-11,3.33589E-09
2100,-123.48813,57.92259,3.39328E-09,-1.58713E-10,-6.3009E-11,3.39758E-09
2160,-125.79787,54.70502,3.45363E-09,-1.73021E-10,-6.3118E-11,3.45853E-09
2220,-127.80274,51.45877,3.5203E-09,-2.02147E-10,-6.835E-11,3.52676E-09
2280,-129.57313,48.19086,3.60329E-09,-2.4047E-10,-7.7663E-11,3.61214E-09
2340,-131.16022,44.90629,3.707E-09,-2.70311E-10,-8.4823E-11,3.71781E-09
2400,-132.602,41.60874,3.82379E-09,-2.74399E-10,-8.3558E-11,3.83454E-09
2460,-133.92731,38.30096,3.93745E-09,-2.46941E-10,-7.2137E-11,3.94585E-09
2520,-135.15837,34.98503,4.03181E-09,-1.94372E-10,-5.5803E-11,4.03688E-09
2580,-136.3127,31.66259,4.09402E-09,-1.30499E-10,-3.9928E-11,4.09629E-09
2640,-137.40429,28.33489,4.12272E-09,-7.5939E-11,-3.5675E-11,4.12358E-09
2700,-138.44453,25.00296,4.13297E-09,-5.6068E-11,-4.746E-11,4.13362E-09
2760,-139.44285,21.66763,4.1525E-09,-8.2804E-11,-7.2075E-11,4.15395E-09
2820,-140.40718,18.32957,4.20387E-09,-1.35136E-10,-9.9522E-11,4.20722E-09
2880,-141.34433,14.98937,4.28482E-09,-1.89689E-10,-1.12247E-10,4.29048E-09
2940,-142.26026,11.64751,4.37539E-09,-2.23315E-10,-1.14116E-10,4.38257E-09
3000,-143.1603,8.30441,4.46366E-09,-2.38823E-10,-1.0103E-10,4.47119E-09
3060,-144.04931,4.96047,4.5486E-09,-2.35131E-10,-8.8119E-11,4.55552E-09
3120,-144.93186,1.61602,4.62805E-09,-2.02871E-10,-7.832E-11,4.63316E-09
3180,-145.81231,-1.72858,4.68703E-09,-1.39142E-10,-7.2086E-11,4.68965E-09
3240,-146.695,-5.073,4.71761E-09,-5.8768E-11,-7.1669E-11,4.71852E-09
3300,-147.58431,-8.41692,4.71967E-09,2.1494E-11,-7.5727E-11,4.72032E-09
3360,-148.48481,-11.75997,4.69406E-09,9.2332E-11,-7.569E-11,4.69558E-09
3420,-149.40138,-15.10178,4.64457E-09,1.50325E-10,-7.1506E-11,4.64755E-09
3480,-150.33936,-18.4419,4.57849E-09,1.85653E-10,-6.4203E-11,4.5827E-09
3540,-151.30473,-21.77986,4.50564E-09,1.97627E-10,-5.3639E-11,4.51029E-09
3600,-152.30434,-25.11507,4.42987E-09,1.75931E-10,-2.7481E-11,4.43345E-09
3660,-153.34616,-28.44685,4.3678E-09,1.70562E-10,-1.9754E-11,4.37117E-09
3720,-154.43969,-31.77436,4.2968E-09,1.82244E-10,-3.553E-12,4.30066E-09
3780,-155.59638,-35.09658,4.21068E-09,1.96012E-10,2.7306E-11,4.21533E-09
3840,-156.83033,-38.41222,4.12411E-09,1.92396E-10,7.4246E-11,4.12927E-09
3900,-158.15919,-41.71965,4.05703E-09,1.80409E-10,1.23964E-10,4.06293E-09
3960,-159.60539,-45.01677,4.00415E-09,1.83475E-10,1.61974E-10,4.01163E-09
4020,-161.198,-48.30079,3.94217E-09,2.02086E-10,1.8238E-10,3.95156E-09
4080,-162.9754,-51.56802,3.86035E-09,2.21254E-10,1.91514E-10,3.87143E-09
4140,-164.98929,-54.81337,3.764E-09,2.28316E-10,1.94864E-10,3.77595E-09
4200,-167.31084,-58.02975,3.66751E-09,2.25383E-10,1.97185E-10,3.67972E-09
4260,-170.04035,-61.20695,3.57698E-09,2.27236E-10,1.93516E-10,3.58942E-09
4320,-173.32258,-64.32985,3.48873E-09,2.41893E-10,1.80702E-10,3.50177E-09
4380,-177.37148,-67.37531,3.39455E-09,2.64424E-10,1.59995E-10,3.40859E-09
4440,177.49086,-70.30662,3.29082E-09,2.78205E-10,1.36687E-10,3.30538E-09
4500,170.77799,-73.06351,3.18251E-09,2.7727E-10,1.15543E-10,3.19666E-09
4560,161.7843,-75.54477,3.07497E-09,2.57847E-10,1.00201E-10,3.08739E-09
4620,149.64456,-77.58285,2.97783E-09,2.11937E-10,9.5294E-11,2.98688E-09
4680,133.85314,-78.92879,2.90514E-09,1.36051E-10,9.2142E-11,2.90979E-09
4740,115.48934,-79.31629,2.86787E-09,4.3143E-11,9.8074E-11,2.86987E-09
4800,97.57891,-78.64547,2.86987E-09,-5.7651E-11,1.09907E-10,2.87255E-09
4860,82.75504,-77.079,2.91238E-09,-1.55651E-10,1.27374E-10,2.91932E-09
4920,71.54328,-74.89202,2.99107E-09,-2.32713E-10,1.40656E-10,3.0034E-09
4980,63.24501,-72.31245,3.09287E-09,-2.82722E-10,1.50741E-10,3.10942E-09
5040,57.01502,-69.48722,3.20687E-09,-3.05897E-10,1.5601E-10,3.22521E-09
5100,52.20939,-66.50424,3.32524E-09,-3.05318E-10,1.54976E-10,3.34282E-09
5160,48.39214,-63.41612,3.43958E-09,-2.87859E-10,1.47196E-10,3.45474E-09
5220,45.27512,-60.25522,3.54608E-09,-2.62462E-10,1.33558E-10,3.55829E-09
5280,42.66613,-57.04217,3.6446E-09,-2.39037E-10,1.17059E-10,3.65431E-09
5340,40.43433,-53.79061,3.73741E-09,-2.28131E-10,9.8417E-11,3.74566E-09
5400,38.48846,-50.50986,3.82966E-09,-2.35606E-10,7.6163E-11,3.83766E-09
5460,36.76335,-47.2065,3.92885E-09,-2.59432E-10,4.7207E-11,3.93769E-09
5520,35.21136,-43.88528,4.03769E-09,-2.89502E-10,1.2346E-11,4.04807E-09
5580,33.79693,-40.54976,4.15374E-09,-3.12332E-10,-2.3337E-11,4.16554E-09
5640,32.49298,-37.20264,4.27326E-09,-3.15186E-10,-4.8518E-11,4.28514E-09
5700,31.27848,-33.84601,4.38933E-09,-2.84445E-10,-5.6453E-11,4.3989E-09
5760,30.13683,-30.48154,4.48334E-09,-2.11686E-10,-4.7173E-11,4.48858E-09
5820,29.05468,-27.1106,4.53867E-09,-1.05499E-10,-2.4816E-11,4.53997E-09
5880,28.02112,-23.73431,4.55388E-09,1.6116E-11,6.914E-12,4.55391E-09
5940,27.02706,-20.35361,4.52809E-09,1.38927E-10,4.6426E-11,4.53046E-09
6000,26.06482,-16.96934,4.46112E-09,2.4145E-10,8.68E-11,4.4685E-09
6060,25.12774,-13.5822,4.35989E-09,2.98761E-10,1.32636E-10,4.37212E-09
6120,24.20996,-10.19284,4.24436E-09,2.91281E-10,1.70705E-10,4.25776E-09
6180,23.30621,-6.80187,4.13608E-09,2.09468E-10,1.94565E-10,4.14595E-09
6240,22.41159,-3.40984,4.06404E-09,5.917E-11,2.03044E-10,4.06954E-09
6300,21.52149,-0.01728,4.05864E-09,-1.29429E-10,2.098E-10,4.06612E-09
6360,20.63141,3.37529,4.13374E-09,-3.09742E-10,2.20593E-10,4.15119E-09
6420,19.73685,6.76733,4.27927E-09,-4.38973E-10,2.30167E-10,4.30788E-09
6480,18.8332,10.15833,4.46704E-09,-4.80133E-10,2.28395E-10,4.49857E-09
6540,17.91558,13.54771,4.6524E-09,-4.12597E-10,2.0357E-10,4.67509E-09
6600,16.97871,16.9349,4.78501E-09,-2.50923E-10,1.5724E-10,4.79417E-09
6660,16.01673,20.31923,4.83511E-09,-5.0229E-11,8.6613E-11,4.83615E-09
6720,15.02301,23.69999,4.81301E-09,1.32829E-10,6.897E-12,4.81485E-09
6780,13.98986,27.07635,4.74102E-09,2.81684E-10,-6.5444E-11,4.74983E-09
6840,12.90822,30.44738,4.61924E-09,3.95508E-10,-1.18471E-10,4.63766E-09
6900,11.76719,33.81195,4.452E-09,4.4738E-10,-1.54254E-10,4.47709E-09
6960,10.55346,37.1687,4.27618E-09,4.29805E-10,-1.81487E-10,4.30156E-09
7020,9.25045,40.51596,4.1247E-09,3.71457E-10,-1.96758E-10,4.14607E-09
7080,7.8372,43.85165,3.99537E-09,3.11055E-10,-1.97522E-10,4.01233E-09
7140,6.28668,47.17306,3.87881E-09,2.59698E-10,-1.87E-10,3.89199E-09
7200,4.56344,50.47666,3.79769E-09,1.97491E-10,-1.80948E-10,3.80713E-09
7260,2.61998,53.75771,3.72943E-09,1.63565E-10,-1.60466E-10,3.73646E-09
7320,0.39132,57.00964,3.67115E-09,1.52437E-10,-1.39587E-10,3.67697E-09
7380,-2.21346,60.22317,3.61263E-09,1.64582E-10,-1.18473E-10,3.61831E-09
7440,-5.32475,63.38471,3.54362E-09,1.85951E-10,-9.7506E-11,3.54983E-09
7500,-9.13399,66.47372,3.46268E-09,2.00431E-10,-7.758E-11,3.46935E-09
7560,-13.92817,69.45798,3.37788E-09,2.01691E-10,-6.2461E-11,3.38447E-09
7620,-20.1415,72.28514,3.29946E-09,1.94902E-10,-5.6162E-11,3.30568E-09
7680,-28.41564,74.86774,3.22965E-09,1.81382E-10,-6.0258E-11,3.2353E-09
7740,-39.59451,77.05955,3.16805E-09,1.56274E-10,-7.0353E-11,3.17268E-09
7800,-54.38204,78.63345,3.11885E-09,1.18131E-10,-7.7396E-11,3.12204E-09
7860,-72.27141,79.31422,3.0842E-09,7.5932E-11,-8.3227E-11,3.08626E-09
7920,-90.64695,78.93706,3.06522E-09,2.9172E-11,-8.631E-11,3.06658E-09
7980,-106.47228,77.59932,3.06454E-09,-2.236E-11,-8.8671E-11,3.06591E-09
8040,-118.64675,75.5667,3.08223E-09,-6.9805E-11,-8.2076E-11,3.08411E-09
8100,-127.66709,73.0888,3.11678E-09,-1.13261E-10,-7.3558E-11,3.11971E-09
8160,-134.39861,70.334,3.16558E-09,-1.48708E-10,-6.1187E-11,3.16966E-09
8220,-139.54914,67.40401,3.22635E-09,-1.73181E-10,-4.5851E-11,3.23132E-09
8280,-143.60704,64.35941,3.30068E-09,-1.87144E-10,-3.0791E-11,3.30613E-09
8340,-146.89571,61.23707,3.38575E-09,-1.89716E-10,-1.7809E-11,3.39111E-09
8400,-149.62993,58.06025,3.4713E-09,-1.7957E-10,-9.296E-12,3.47596E-09
8460,-151.95502,54.84413,3.54461E-09,-1.63284E-10,-7.288E-12,3.54837E-09
8520,-153.97162,51.59896,3.60124E-09,-1.59049E-10,-1.3676E-11,3.60477E-09
8580,-155.75113,48.33185,3.65141E-09,-1.80453E-10,-3.1578E-11,3.656E-09
8640,-157.34542,45.0479,3.7169E-09,-2.26326E-10,-5.5759E-11,3.7242E-09
8700,-158.79297,41.75082,3.81311E-09,-2.7719E-10,-7.6556E-11,3.82394E-09
8760,-160.12293,38.44341,3.93501E-09,-3.08977E-10,-8.4796E-11,3.94803E-09
8820,-161.35779,35.12777,4.06465E-09,-3.14775E-10,-7.9756E-11,4.0776E-09
8880,-162.51523,31.80553,4.18785E-09,-3.01197E-10,-5.9716E-11,4.19909E-09
8940,-163.60937,28.478,4.30104E-09,-2.74035E-10,-3.0702E-11,4.30987E-09
9000,-164.65172,25.14619,4.40425E-09,-2.39936E-10,1.058E-12,4.41078E-09
9060,-165.65176,21.81095,4.49534E-09,-1.97753E-10,3.2939E-11,4.49981E-09
9120,-166.6175,18.47295,4.56709E-09,-1.44024E-10,6.0836E-11,4.56977E-09
9180,-167.55578,15.13278,4.61415E-09,-8.9411E-11,8.3515E-11,4.61577E-09
9240,-168.4726,11.79092,4.63029E-09,-3.645E-11,8.9754E-11,4.6313E-09
9300,-169.37331,8.44781,4.62645E-09,1.0337E-11,8.3226E-11,4.62721E-09
9360,-170.26278,5.10384,4.61228E-09,6.1061E-11,5.9407E-11,4.61306E-09
9420,-171.14559,1.75935,4.58816E-09,1.23995E-10,3.1647E-11,4.58994E-09
9480,-172.02613,-1.58531,4.53833E-09,1.95673E-10,7.946E-12,4.54255E-09
9540,-172.90872,-4.92981,4.45338E-09,2.51925E-10,-1.193E-11,4.46052E-09
9600,-173.79774,-8.27382,4.34471E-09,2.68623E-10,-2.8236E-11,4.3531E-09
9660,-174.69775,-11.61699,4.23688E-09,2.33699E-10,-3.7805E-11,4.24349E-09
9720,-175.61361,-14.95892,4.15484E-09,1.56155E-10,-4.4547E-11,4.15801E-09
9780,-176.55064,-18.29919,4.11056E-09,6.0023E-11,-4.6192E-11,4.11126E-09
9840,-177.51481,-21.63731,4.10293E-09,-2.878E-11,-3.6597E-11,4.10319E-09
9900,-178.5129,-24.97271,4.12692E-09,-9.5821E-11,-2.3008E-11,4.1281E-09
9960,-179.55284,-28.30471,4.17248E-09,-1.21537E-10,-1.2327E-11,4.17426E-09
10020,179.35595,-31.63248,4.21553E-09,-9.7904E-11,-3.923E-12,4.21666E-09
10080,178.20209,-34.955,4.23964E-09,-4.3611E-11,5.306E-12,4.23987E-09
10140,176.97163,-38.27101,4.24055E-09,2.4612E-11,1.7631E-11,4.24066E-09
10200,175.64709,-41.57888,4.21499E-09,9.1893E-11,3.3448E-11,4.21612E-09
10260,174.20627,-44.87653,4.16815E-09,1.48773E-10,5.1935E-11,4.17113E-09
10320,172.62043,-48.16122,4.10504E-09,1.96172E-10,7.0871E-11,4.11033E-09
10380,170.85164,-51.42928,4.02668E-09,2.46233E-10,8.7355E-11,4.03515E-09
10440,168.84887,-54.67572,3.92684E-09,3.00163E-10,9.8362E-11,3.93952E-09
10500,166.54194,-57.89353,3.80292E-09,3.4745E-10,1.0457E-10,3.82019E-09
10560,163.83204,-61.07266,3.66042E-09,3.79348E-10,1.04548E-10,3.68151E-09
10620,160.5767,-64.19826,3.50796E-09,3.90997E-10,1.00752E-10,3.53112E-09
10680,156.56558,-67.24762,3.35531E-09,3.80587E-10,9.5628E-11,3.37818E-09
10740,151.4822,-70.18473,3.20972E-09,3.49494E-10,8.9974E-11,3.22994E-09
10800,144.84839,-72.95063,3.07002E-09,2.96598E-10,8.3717E-11,3.08545E-09
10860,135.96829,-75.44632,2.96448E-09,2.26862E-10,8.3522E-11,2.97432E-09
10920,123.97811,-77.50755,2.89043E-09,1.44345E-10,8.9353E-11,2.89541E-09
10980,108.33616,-78.88846,2.85297E-09,5.1533E-11,9.3752E-11,2.85498E-09
11040,90.03039,-79.32037,2.85182E-09,-3.9019E-11,1.03545E-10,2.85397E-09
11100,72.03588,-78.69265,2.88316E-09,-1.20042E-10,1.13517E-10,2.88789E-09
11160,57.05774,-77.15865,2.9405E-09,-1.88332E-10,1.21161E-10,2.94902E-09
11220,45.7038,-74.99282,3.01825E-09,-2.40572E-10,1.16414E-10,3.03006E-09
11280,37.30026,-72.42644,3.1157E-09,-2.79338E-10,1.04831E-10,3.12996E-09
11340,30.99725,-69.60956,3.23051E-09,-3.06946E-10,8.8107E-11,3.24626E-09
11400,26.14121,-66.63205,3.35867E-09,-3.2044E-10,6.9636E-11,3.37464E-09
11460,22.2886,-63.54765,3.48824E-09,-3.17798E-10,5.4456E-11,3.50311E-09
11520,19.14618,-60.38937,3.61127E-09,-3.13615E-10,4.4868E-11,3.62514E-09
11580,16.51851,-57.17822,3.73324E-09,-3.18947E-10,4.0573E-11,3.74706E-09
11640,14.27266,-53.92809,3.8606E-09,-3.30214E-10,4.0543E-11,3.87491E-09
11700,12.31602,-50.64844,3.99121E-09,-3.37811E-10,4.5295E-11,4.00574E-09
11760,10.58251,-47.34594,4.12149E-09,-3.40072E-10,5.4885E-11,4.13586E-09
11820,9.02387,-44.02542,4.25161E-09,-3.34003E-10,6.9659E-11,4.26527E-09
11880,7.60412,-40.69045,4.37726E-09,-3.11633E-10,8.0635E-11,4.38908E-09
11940,6.29586,-37.34379,4.48995E-09,-2.7302E-10,8.0462E-11,4.49897E-09
12000,5.07785,-33.98754,4.58403E-09,-2.16575E-10,6.42E-11,4.58959E-09
12060,3.93332,-30.62339,4.65267E-09,-1.44982E-10,3.0938E-11,4.65503E-09
12120,2.84882,-27.25272,4.69124E-09,-6.026E-11,-1.6718E-11,4.69166E-09
12180,1.81333,-23.87665,4.69968E-09,3.115E-11,-6.9876E-11,4.7003E-09
12240,0.8177,-20.49614,4.67607E-09,1.28783E-10,-1.17888E-10,4.67933E-09
12300,-0.14581,-17.11202,4.61835E-09,2.21487E-10,-1.58964E-10,4.62639E-09
12360,-1.08389,-13.72501,4.52632E-09,2.9212E-10,-1.79595E-10,4.53929E-09
12420,-2.00243,-10.33576,4.40878E-09,3.12103E-10,-1.80853E-10,4.42351E-09
12480,-2.90674,-6.94488,4.2856E-09,2.54846E-10,-1.55057E-10,4.29597E-09
12540,-3.8017,-3.55291,4.19638E-09,1.12538E-10,-1.07019E-10,4.19925E-09
12600,-4.69195,-0.16039,4.19013E-09,-8.7516E-11,-4.3748E-11,4.19128E-09
12660,-5.58199,3.23215,4.27943E-09,-2.72895E-10,1.8722E-11,4.28816E-09
12720,-6.47631,6.62419,4.42398E-09,-3.81346E-10,7.0841E-11,4.44095E-09
12780,-7.37952,10.01521,4.58237E-09,-4.00717E-10,1.09488E-10,4.60116E-09
12840,-8.2965,13.40463,4.72852E-09,-3.38303E-10,1.32019E-10,4.74244E-09
12900,-9.23248,16.79188,4.834E-09,-2.03431E-10,1.4746E-10,4.84053E-09
12960,-10.19332,20.1763,4.87292E-09,-3.4586E-11,1.50677E-10,4.87537E-09
13020,-11.18559,23.55719,4.84737E-09,1.24529E-10,1.3949E-10,4.85098E-09
13080,-12.21695,26.93372,4.77016E-09,2.53875E-10,1.12507E-10,4.77824E-09
13140,-13.29638,30.30495,4.65456E-09,3.38481E-10,7.9902E-11,4.66753E-09
13200,-14.43469,33.66977,4.51784E-09,3.75646E-10,4.8953E-11,4.5337E-09
13260,-15.64509,37.02684,4.37185E-09,3.84116E-10,2.1729E-11,4.38874E-09
13320,-16.94397,40.3745,4.22032E-09,3.73823E-10,-1.43E-13,4.23684E-09
13380,-18.35211,43.71068,4.06644E-09,3.43344E-10,-1.3503E-11,4.08093E-09
13440,-19.89622,47.03272,3.92791E-09,2.92891E-10,-1.659E-11,3.93885E-09
13500,-21.61134,50.33712,3.82051E-09,2.37015E-10,-1.4305E-11,3.82789E-09
13560,-23.54436,53.6192,3.74288E-09,1.9892E-10,-1.3166E-11,3.74819E-09
13620,-25.75937,56.87249,3.67685E-09,1.90086E-10,-1.8538E-11,3.68181E-09
13680,-28.34597,60.08784,3.60309E-09,2.01374E-10,-2.9572E-11,3.60883E-09
13740,-31.4325,63.2519,3.51643E-09,2.1404E-10,-4.2616E-11,3.5232E-09
13800,-35.20722,66.34449,3.42408E-09,2.17675E-10,-5.095E-11,3.43137E-09
13860,-39.95216,69.33403,3.33609E-09,2.09031E-10,-5.4472E-11,3.34307E-09
13920,-46.09399,72.16927,3.25821E-09,1.92426E-10,-5.553E-11,3.26436E-09
13980,-54.26465,74.76465,3.19091E-09,1.69651E-10,-5.7676E-11,3.19594E-09
14040,-65.30248,76.977,3.13419E-09,1.38135E-10,-6.0699E-11,3.13782E-09
14100,-79.93335,78.58267,3.08905E-09,9.6906E-11,-6.2764E-11,3.09121E-09
14160,-97.73014,79.30618,3.06079E-09,5.2491E-11,-6.9668E-11,3.06204E-09
14220,-116.15436,78.97382,3.05175E-09,4.992E-12,-8.0983E-11,3.05283E-09
14280,-132.12598,77.6719,3.06038E-09,-4.4123E-11,-9.6164E-11,3.0622E-09
14340,-144.45139,75.66319,3.08436E-09,-8.6413E-11,-1.07033E-10,3.08743E-09
14400,-153.58772,73.20022,3.12058E-09,-1.22914E-10,-1.23453E-10,3.12544E-09
14460,-160.40038,70.45474,3.16598E-09,-1.53454E-10,-1.32053E-10,3.17244E-09
14520,-165.60673,67.53074,3.22491E-09,-1.75018E-10,-1.36875E-10,3.23255E-09
14580,-169.70353,64.49012,3.29728E-09,-1.85794E-10,-1.37189E-10,3.30536E-09
14640,-173.01993,61.37052,3.37581E-09,-1.83177E-10,-1.31415E-10,3.38333E-09
14700,-175.77439,58.19565,3.44969E-09,-1.73302E-10,-1.19485E-10,3.45611E-09
14760,-178.11459,54.98094,3.5136E-09,-1.6712E-10,-1.0415E-10,3.51911E-09
14820,179.8573,51.73681,3.57318E-09,-1.74751E-10,-9.0695E-11,3.5786E-09
14880,178.06885,48.47048,3.64123E-09,-1.92487E-10,-8.6895E-11,3.64735E-09
14940,176.46753,45.18713,3.72618E-09,-2.07666E-10,-9.5065E-11,3.73318E-09
15000,175.01437,41.89051,3.8245E-09,-2.09196E-10,-1.09098E-10,3.83177E-09
15060,173.6799,38.58344,3.91803E-09,-1.91627E-10,-1.21262E-10,3.92458E-09
15120,172.44136,35.26807,3.9897E-09,-1.66714E-10,-1.31453E-10,3.99534E-09
15180,171.28092,31.94604,4.03397E-09,-1.52604E-10,-1.38286E-10,4.03922E-09
15240,170.18431,28.61866,4.06691E-09,-1.67514E-10,-1.45819E-10,4.07297E-09
15300,169.13995,25.28697,4.12426E-09,-2.12955E-10,-1.51975E-10,4.13255E-09
15360,168.13825,21.9518,4.22509E-09,-2.51308E-10,-1.46968E-10,4.23511E-09
15420,167.17118,18.61385,4.34223E-09,-2.27436E-10,-1.29581E-10,4.35011E-09
15480,166.23184,15.2737,4.42529E-09,-1.32566E-10,-1.0157E-10,4.42844E-09
15540,165.31419,11.93185,4.4411E-09,5.95E-12,-7.9437E-11,4.44181E-09
15600,164.41288,8.58873,4.39338E-09,1.37418E-10,-6.4315E-11,4.396E-09
15660,163.523,5.24472,4.30367E-09,2.28627E-10,-6.2786E-11,4.31019E-09
15720,162.63996,1.90018,4.20149E-09,2.70639E-10,-6.0219E-11,4.21063E-09
15780,161.75939,-1.44454,4.10035E-09,2.7989E-10,-4.727E-11,4.11016E-09
15840,160.87694,-4.78912,3.98994E-09,2.59161E-10,-2.5029E-11,3.99842E-09
15900,159.98825,-8.13322,3.88025E-09,1.91118E-10,-2.043E-12,3.88495E-09
15960,159.08876,-11.47649,3.81278E-09,8.478E-11,1.1336E-11,3.81374E-09
16020,158.17364,-14.81854,3.81444E-09,-9.877E-12,-2.656E-12,3.81445E-09
16080,157.23758,-18.15895,3.85592E-09,-4.6807E-11,-4.6847E-11,3.85648E-09
16140,156.27465,-21.49724,3.88566E-09,-4.0482E-11,-1.00902E-10,3.88718E-09
16200,155.27811,-24.83282,3.88759E-09,-3.2629E-11,-1.45762E-10,3.89046E-09
16260,154.24006,-28.16504,3.8765E-09,-5.3601E-11,-1.67376E-10,3.88048E-09
16320,153.15119,-31.49306,3.88163E-09,-1.03623E-10,-1.6307E-10,3.88644E-09
16380,152.00019,-34.81588,3.9306E-09,-1.46106E-10,-1.40415E-10,3.93582E-09
16440,150.77324,-38.13224,4.01041E-09,-1.42476E-10,-1.02107E-10,4.01424E-09
16500,149.45302,-41.44054,4.07504E-09,-8.0135E-11,-5.7367E-11,4.07623E-09
16560,148.01757,-44.73872,4.09058E-09,2.4196E-11,-1.605E-11,4.09068E-09
16620,146.43845,-48.02406,4.05007E-09,1.44903E-10,1.5122E-11,4.05269E-09
16680,144.67821,-51.29296,3.95995E-09,2.56983E-10,3.6263E-11,3.96845E-09
16740,142.68646,-54.54047,3.83444E-09,3.36239E-10,5.1292E-11,3.8495E-09
16800,140.39396,-57.75969,3.69686E-09,3.77385E-10,6.7287E-11,3.71668E-09
16860,137.70336,-60.94074,3.5581E-09,3.93311E-10,8.43E-11,3.58077E-09
16920,134.47441,-64.06901,3.41018E-09,3.91318E-10,1.01079E-10,3.43405E-09
16980,130.50026,-67.12219,3.25687E-09,3.6504E-10,1.16765E-10,3.27934E-09
17040,125.46983,-70.065,3.11534E-09,3.14852E-10,1.29773E-10,3.1339E-09
17100,118.91299,-72.83971,2.99822E-09,2.44715E-10,1.37305E-10,3.01132E-09
17160,110.14338,-75.34943,2.916E-09,1.62273E-10,1.39966E-10,2.92386E-09
17220,98.2992,-77.43319,2.8727E-09,7.5009E-11,1.416E-10,2.87717E-09
17280,82.80511,-78.84819,2.86387E-09,-1.1888E-11,1.35496E-10,2.86709E-09
17340,64.56039,-79.3237,2.88178E-09,-8.9619E-11,1.27802E-10,2.88601E-09
17400,46.48636,-78.73873,2.92436E-09,-1.62015E-10,1.15861E-10,2.93114E-09
17460,31.35611,-77.23714,2.99366E-09,-2.26468E-10,1.04645E-10,3.00404E-09
17520,19.86043,-75.09244,3.08894E-09,-2.72995E-10,9.0876E-11,3.10231E-09
17580,11.35171,-72.53924,3.20432E-09,-2.9746E-10,8.3779E-11,3.21919E-09
17640,4.97581,-69.73068,3.3298E-09,-2.95128E-10,8.6329E-11,3.34397E-09
17700,0.06958,-66.75861,3.44615E-09,-2.67755E-10,9.7314E-11,3.4579E-09
17760,-3.81816,-63.6779,3.54179E-09,-2.32282E-10,1.15724E-10,3.55128E-09
17820,-6.98574,-60.52222,3.62163E-09,-2.04416E-10,1.39672E-10,3.63008E-09
17880,-9.63187,-57.31298,3.69562E-09,-1.8929E-10,1.65633E-10,3.70417E-09
17940,-11.89155,-54.06428,3.76863E-09,-1.86154E-10,1.90249E-10,3.77802E-09