{'name': 'Spaceball', 'mass': 90.0, 'shape': 'sphere', 'area': 0.7854, 'radius': 0.5, 'length': 1.0, 'cd': 2.0, 'diffReflect': 0.0, 'diffDegrade': 1.0, 'albedofile': '~/Documents/Python/Spaceball/data/CERES_SYN1deg-Day_Terra-Aqua-MODIS_Ed4.1_Subset_20210314_SWreflect.csv', 'use_albedofile': False, 'iralbedofile': '~/Documents/Python/Spaceball/data/CERES_SYN1deg-Day_Terra-Aqua-MODIS_Ed4.1_Subset_20210326_SWreflect.csv', 'use_iralbedofile': False, 'use_albedofolder': False, 'albedofolder': '/home/monte/Documents/Python/Spaceball/data/hourly/sw/', 'use_iralbedofolder': False, 'iralbedofolder': '/home/monte/Documents/Python/Spaceball/data/hourly/lw/', 'use_anisofiles': False, 'swmeanfile': '/home/monte/Documents/Python/Spaceball/data/SW_flux_SYN_daily_mean_20210321.csv', 'cloudfracfile': '/home/monte/Documents/Python/Spaceball/data/Cloud_fraction_SYN_daily_mean_20210321.csv', 'surftypefile': '/home/monte/Documents/Python/Spaceball/data/Surface_type.csv', 'mstinstalldir': '/home/llbu9955/Space-Balls-MST/sbfinal-master/', 'dirmode': 'nadir', 'attmode': 'sun', 'dirinputs': [[0.0, 0.0, 1.0], [0.0, 1.0, 0.0], [1.0, 0.0, 0.0]], 'framename': 'Rotating', 'spinrate': 0}
{'gravforce': True, 'srpforce': True, 'albedoforce': True, 'albedothermalforce': False, 'albedoonlyforce': False, 'aeroforce': True, 'covalbedoforce': False, 'comboforce': True, 'myforce': False, 'lowthrustforce': False, 'sat1_propagate': True, 'output_sample_time': 60, 'startepoch': 01-JAN-2018 00:00:00.0000 UTC, 'endepoch': 01-JAN-2018 03:59:59.0000 UTC}
{'a': 7178.14, 'e': 0, 'i': 60.0, 'o': 90.0, 'u': 0.0, 'theta': 90.0}
Printing Geodetic Height and Long/Lat every 60 secs (m/s**2):
    Epoch   01-JAN-2018 00:00:00.0000 UTC 
Secs_from_Epoch, Height, Long, Lat, MLTAN

 0.000, 816.026, 79.69728, 59.89974, 23.308
60.000, 815.987, 86.53547, 59.70852, 23.290
120.000, 815.869, 93.21527, 59.14198, 23.273
180.000, 815.675, 99.60070, 58.22035, 23.256
240.000, 815.409, 105.59331, 56.97364, 23.240
300.000, 815.076, 111.13665, 55.43737, 23.226
360.000, 814.682, 116.21190, 53.64872, 23.212
420.000, 814.235, 120.82868, 51.64352, 23.200
480.000, 813.744, 125.01501, 49.45452, 23.190
540.000, 813.219, 128.80891, 47.11056, 23.181
600.000, 812.670, 132.25221, 44.63641, 23.175
660.000, 812.108, 135.38663, 42.05306, 23.170
720.000, 811.546, 138.25155, 39.37814, 23.168
780.000, 810.995, 140.88291, 36.62639, 23.168
840.000, 810.467, 143.31291, 33.81015, 23.170
900.000, 809.974, 145.57005, 30.93975, 23.174
960.000, 809.529, 147.67944, 28.02393, 23.180
1020.000, 809.141, 149.66318, 25.07011, 23.188
1080.000, 808.821, 151.54077, 22.08462, 23.198
1140.000, 808.579, 153.32950, 19.07295, 23.209
1200.000, 808.424, 155.04485, 16.03991, 23.222
1260.000, 808.361, 156.70078, 12.98977, 23.236
1320.000, 808.397, 158.31006, 9.92636, 23.251
1380.000, 808.537, 159.88453, 6.85320, 23.267
1440.000, 808.783, 161.43534, 3.77357, 23.283
1500.000, 809.136, 162.97317, 0.69059, 23.299
1560.000, 809.595, 164.50847, -2.39270, 23.316
1620.000, 810.159, 166.05162, -5.47327, 23.332
1680.000, 810.823, 167.61314, -8.54807, 23.349
1740.000, 811.583, 169.20391, -11.61390, 23.364
1800.000, 812.431, 170.83540, -14.66740, 23.378
1860.000, 813.358, 172.51987, -17.70490, 23.392
1920.000, 814.356, 174.27061, -20.72240, 23.404
1980.000, 815.413, 176.10229, -23.71540, 23.414
2040.000, 816.516, 178.03119, -26.67881, 23.423
2100.000, 817.655, -179.92440, -29.60676, 23.430
2160.000, 818.814, -177.74379, -32.49245, 23.435
2220.000, 819.981, -175.40355, -35.32791, 23.438
2280.000, 821.140, -172.87705, -38.10371, 23.439
2340.000, 822.278, -170.13416, -40.80863, 23.438
2400.000, 823.380, -167.14104, -43.42930, 23.434
2460.000, 824.434, -163.86027, -45.94973, 23.429
2520.000, 825.424, -160.25150, -48.35084, 23.421
2580.000, 826.340, -156.27308, -50.61001, 23.412
2640.000, 827.168, -151.88500, -52.70071, 23.401
2700.000, 827.900, -147.05391, -54.59244, 23.388
2760.000, 828.524, -141.76026, -56.25116, 23.374
2820.000, 829.034, -136.00762, -57.64054, 23.358
2880.000, 829.423, -129.83245, -58.72426, 23.342
2940.000, 829.685, -123.31128, -59.46948, 23.325
3000.000, 829.817, -116.56109, -59.85087, 23.307
3060.000, 829.818, -109.72963, -59.85453, 23.289
3120.000, 829.687, -102.97640, -59.48032, 23.272
3180.000, 829.427, -96.44958, -58.74190, 23.255
3240.000, 829.040, -90.26688, -57.66439, 23.238
3300.000, 828.531, -84.50562, -56.28056, 23.223
3360.000, 827.907, -79.20298, -54.62667, 23.209
3420.000, 827.176, -74.36308, -52.73908, 23.196
3480.000, 826.347, -69.96674, -50.65190, 23.185
3540.000, 825.431, -65.98077, -48.39569, 23.175
3600.000, 824.439, -62.36526, -45.99708, 23.168
3660.000, 823.384, -59.07854, -43.47874, 23.162
3720.000, 822.280, -56.08023, -40.85982, 23.159
3780.000, 821.140, -53.33283, -38.15637, 23.157
3840.000, 819.978, -50.80245, -35.38181, 23.158
3900.000, 818.809, -48.45887, -32.54739, 23.161
3960.000, 817.647, -46.27540, -29.66257, 23.166
4020.000, 816.506, -44.22856, -26.73535, 23.173
4080.000, 815.400, -42.29760, -23.77256, 23.182
4140.000, 814.341, -40.46421, -20.78007, 23.192
4200.000, 813.342, -38.71204, -17.76299, 23.204
4260.000, 812.413, -37.02642, -14.72582, 23.218
4320.000, 811.564, -35.39403, -11.67260, 23.232
4380.000, 810.803, -33.80257, -8.60696, 23.247
4440.000, 810.139, -32.24059, -5.53230, 23.263
4500.000, 809.575, -30.69719, -2.45180, 23.280
4560.000, 809.116, -29.16183, 0.63146, 23.297
4620.000, 808.764, -27.62413, 3.71448, 23.313
4680.000, 808.519, -26.07367, 6.79421, 23.329
4740.000, 808.381, -24.49975, 9.86753, 23.345
4800.000, 808.346, -22.89125, 12.93116, 23.360
4860.000, 808.410, -21.23633, 15.98160, 23.374
4920.000, 808.567, -19.52225, 19.01502, 23.387
4980.000, 808.811, -17.73507, 22.02715, 23.398
5040.000, 809.132, -15.85935, 25.01320, 23.408
5100.000, 809.521, -13.87783, 27.96770, 23.416
5160.000, 809.969, -11.77106, 30.88433, 23.422
5220.000, 810.463, -9.51699, 33.75569, 23.426
5280.000, 810.992, -7.09057, 36.57309, 23.428
5340.000, 811.544, -4.46338, 39.32621, 23.428
5400.000, 812.108, -1.60328, 42.00275, 23.426
5460.000, 812.671, 1.52560, 44.58804, 23.422
5520.000, 813.221, 4.96258, 47.06450, 23.415
5580.000, 813.747, 8.74936, 49.41121, 23.407
5640.000, 814.239, 12.92780, 51.60347, 23.396
5700.000, 814.687, 17.53602, 53.61252, 23.384
5760.000, 815.081, 22.60236, 55.40568, 23.371
5820.000, 815.414, 28.13684, 56.94716, 23.356
5880.000, 815.680, 34.12130, 58.19979, 23.340
5940.000, 815.874, 40.50008, 59.12797, 23.323
6000.000, 815.991, 47.17551, 59.70155, 23.306
6060.000, 816.030, 54.01221, 59.90008, 23.288
6120.000, 815.989, 60.85202, 59.71611, 23.271
6180.000, 815.870, 67.53629, 59.15654, 23.253
6240.000, 815.675, 73.92844, 58.24140, 23.237
6300.000, 815.408, 79.92923, 57.00052, 23.221
6360.000, 815.073, 85.48143, 55.46939, 23.206
6420.000, 814.678, 90.56559, 53.68517, 23.192
6480.000, 814.230, 95.19087, 51.68375, 23.180
6540.000, 813.737, 99.38505, 49.49793, 23.170
6600.000, 813.211, 103.18602, 47.15664, 23.161
6660.000, 812.660, 106.63558, 44.68474, 23.155
6720.000, 812.097, 109.77549, 42.10327, 23.151
6780.000, 811.534, 112.64517, 39.42993, 23.148
6840.000, 810.982, 115.28065, 36.67949, 23.148
6900.000, 810.453, 117.71420, 33.86435, 23.150
6960.000, 809.959, 119.97438, 30.99488, 23.154
7020.000, 809.511, 122.08637, 28.07983, 23.160
7080.000, 809.122, 124.07231, 25.12664, 23.168
7140.000, 808.800, 125.95176, 22.14167, 23.178
7200.000, 808.556, 127.74204, 19.13042, 23.189
7260.000, 808.397, 129.45867, 16.09772, 23.202
7320.000, 808.331, 131.11562, 13.04784, 23.216
7380.000, 808.364, 132.72570, 9.98461, 23.231
7440.000, 808.499, 134.30075, 6.91157, 23.246
7500.000, 808.740, 135.85194, 3.83200, 23.263
7560.000, 809.089, 137.38996, 0.74902, 23.279
7620.000, 809.544, 138.92525, -2.33432, 23.296
7680.000, 810.103, 140.46818, -5.41501, 23.312
7740.000, 810.763, 142.02930, -8.48998, 23.328
7800.000, 811.518, 143.61947, -11.55605, 23.344
7860.000, 812.362, 145.25014, -14.60984, 23.358
7920.000, 813.285, 146.93354, -17.64771, 23.371
7980.000, 814.280, 148.68297, -20.66566, 23.383
8040.000, 815.333, 150.51305, -23.65920, 23.394
8100.000, 816.435, 152.44003, -26.62324, 23.403
8160.000, 817.571, 154.48218, -29.55195, 23.410
8220.000, 818.729, 156.66011, -32.43853, 23.415
8280.000, 819.895, 158.99723, -35.27504, 23.418
8340.000, 821.054, 161.52008, -38.05206, 23.419
8400.000, 822.192, 164.25873, -40.75844, 23.418
8460.000, 823.295, 167.24695, -43.38083, 23.414
8520.000, 824.349, 170.52210, -45.90330, 23.409
8580.000, 825.341, 174.12449, -48.30683, 23.401
8640.000, 826.258, 178.09576, -50.56887, 23.392
8700.000, 827.089, -177.52402, -52.66295, 23.381
8760.000, 827.823, -172.70131, -54.55866, 23.368
8820.000, 828.451, -167.41624, -56.22201, 23.354
8880.000, 828.964, -161.67186, -57.61669, 23.338
8940.000, 829.357, -155.50396, -58.70636, 23.322
9000.000, 829.624, -148.98829, -59.45807, 23.305
9060.000, 829.761, -142.24113, -59.84634, 23.287
9120.000, 829.767, -135.40981, -59.85700, 23.270
9180.000, 829.642, -128.65382, -59.48968, 23.252
9240.000, 829.387, -122.12173, -58.75778, 23.235
9300.000, 829.007, -115.93193, -57.68626, 23.219
9360.000, 828.504, -110.16251, -56.30776, 23.203
9420.000, 827.887, -104.85134, -54.65854, 23.189
9480.000, 827.162, -100.00305, -52.77496, 23.176
9540.000, 826.340, -95.59881, -50.69119, 23.165
9600.000, 825.431, -91.60563, -48.43788, 23.155
9660.000, 824.446, -87.98366, -46.04169, 23.148
9720.000, 823.398, -84.69124, -43.52541, 23.142
9780.000, 822.301, -81.68794, -40.90823, 23.139
9840.000, 821.167, -78.93621, -38.20624, 23.137
9900.000, 820.011, -76.40208, -35.43292, 23.138
9960.000, 818.848, -74.05528, -32.59956, 23.141
10020.000, 817.691, -71.86906, -29.71563, 23.146
10080.000, 816.556, -69.81986, -26.78918, 23.153
10140.000, 815.454, -67.88691, -23.82703, 23.162
10200.000, 814.399, -66.05184, -20.83510, 23.172
10260.000, 813.403, -64.29829, -17.81848, 23.184
10320.000, 812.476, -62.61154, -14.78171, 23.197
10380.000, 811.629, -60.97826, -11.72880, 23.212
10440.000, 810.871, -59.38613, -8.66343, 23.227
10500.000, 810.207, -57.82369, -5.58898, 23.243
10560.000, 809.644, -56.28003, -2.50863, 23.260
10620.000, 809.186, -54.74461, 0.57453, 23.276
10680.000, 808.834, -53.20704, 3.65750, 23.293
10740.000, 808.589, -51.65691, 6.73723, 23.309
10800.000, 808.451, -50.08353, 9.81061, 23.325
10860.000, 808.416, -48.47578, 12.87437, 23.340
10920.000, 808.481, -46.82185, 15.92499, 23.354
10980.000, 808.639, -45.10901, 18.95865, 23.367
11040.000, 808.883, -43.32333, 21.97112, 23.378
11100.000, 809.206, -41.44943, 24.95760, 23.388
11160.000, 809.597, -39.47007, 27.91264, 23.396
11220.000, 810.046, -37.36586, 30.82993, 23.402
11280.000, 810.542, -35.11478, 33.70210, 23.406
11340.000, 811.073, -32.69187, 36.52048, 23.408
11400.000, 811.628, -30.06876, 39.27479, 23.408
11460.000, 812.194, -27.21339, 41.95279, 23.406
11520.000, 812.758, -24.08996, 44.53982, 23.402
11580.000, 813.310, -20.65922, 47.01839, 23.395
11640.000, 813.838, -16.87950, 49.36765, 23.387
11700.000, 814.331, -12.70893, 51.56296, 23.377
11760.000, 814.779, -8.10926, 53.57565, 23.365
11820.000, 815.174, -3.05193, 55.37312, 23.351
11880.000, 815.508, 2.47354, 56.91961, 23.336
11940.000, 815.773, 8.44959, 58.17797, 23.321
12000.000, 815.966, 14.82134, 59.11255, 23.304
12060.000, 816.082, 21.49194, 59.69305, 23.286
12120.000, 816.119, 28.32665, 59.89880, 23.269
12180.000, 816.077, 35.16754, 59.72209, 23.251
12240.000, 815.955, 41.85581, 59.16955, 23.234
12300.000, 815.757, 48.25428, 58.26097, 23.217
12360.000, 815.486, 54.26295, 57.02605, 23.201
12420.000, 815.148, 59.82380, 55.50018, 23.186
12480.000, 814.748, 64.91674, 53.72052, 23.172
12540.000, 814.295, 69.55047, 51.72301, 23.160
12600.000, 813.797, 73.75248, 49.54052, 23.150
12660.000, 813.264, 77.56054, 47.20203, 23.142
12720.000, 812.708, 81.01641, 44.73249, 23.135
12780.000, 812.139, 84.16185, 42.15302, 23.131
12840.000, 811.569, 87.03636, 39.48136, 23.128
12900.000, 811.010, 89.67603, 36.73234, 23.128
12960.000, 810.475, 92.11319, 33.91840, 23.130
13020.000, 809.974, 94.37647, 31.04994, 23.134
13080.000, 809.521, 96.49112, 28.13575, 23.140
13140.000, 809.125, 98.47932, 25.18328, 23.148
13200.000, 808.798, 100.36069, 22.19892, 23.157
13260.000, 808.548, 102.15258, 19.18819, 23.169
13320.000, 808.385, 103.87054, 16.15591, 23.181
13380.000, 808.314, 105.52858, 13.10636, 23.195
13440.000, 808.343, 107.13951, 10.04341, 23.210
13500.000, 808.475, 108.71520, 6.97057, 23.226
13560.000, 808.713, 110.26682, 3.89113, 23.242
13620.000, 809.058, 111.80508, 0.80824, 23.259
13680.000, 809.511, 113.34041, -2.27508, 23.275
13740.000, 810.068, 114.88320, -5.35581, 23.292
13800.000, 810.726, 116.44397, -8.43087, 23.308
13860.000, 811.480, 118.03357, -11.49709, 23.323
13920.000, 812.323, 119.66346, -14.55110, 23.338
13980.000, 813.247, 121.34583, -17.58927, 23.351
14040.000, 814.241, 123.09397, -20.60758, 23.363
14100.000, 815.297, 124.92247, -23.60157, 23.374
14160.000, 816.400, 126.84754, -26.56616, 23.383
14220.000, 817.540, 128.88741, -29.49553, 23.390
14280.000, 818.701, 131.06264, -32.38291, 23.395
14340.000, 819.871, 133.39657, -35.22037, 23.398
